{"initial_reset_timestamp": 1540704935.1229546, "timestamps": [1540704940.5685973], "episode_lengths": [185], "episode_rewards": [185.0], "episode_types": ["t", "t"]}