{"initial_reset_timestamp": 1540528539.298704, "timestamps": [1540528544.361874], "episode_lengths": [158], "episode_rewards": [158.0], "episode_types": ["t", "t"]}