{"initial_reset_timestamp": 1540528533.624544, "timestamps": [1540528539.1635573], "episode_lengths": [185], "episode_rewards": [185.0], "episode_types": ["t", "t"]}