{"initial_reset_timestamp": 1540528512.5782833, "timestamps": [1540528519.901366], "episode_lengths": [249], "episode_rewards": [249.0], "episode_types": ["t", "t"]}