{"initial_reset_timestamp": 1540528520.0729015, "timestamps": [1540528526.9822738], "episode_lengths": [269], "episode_rewards": [269.0], "episode_types": ["t", "t"]}