{"initial_reset_timestamp": 1540528527.124849, "timestamps": [1540528533.480919], "episode_lengths": [234], "episode_rewards": [234.0], "episode_types": ["t", "t"]}