{"initial_reset_timestamp": 1540704930.7512023, "timestamps": [1540704934.9688272], "episode_lengths": [111], "episode_rewards": [111.0], "episode_types": ["t", "t"]}