{"initial_reset_timestamp": 1540704923.7420785, "timestamps": [1540704926.8571494], "episode_lengths": [45], "episode_rewards": [45.0], "episode_types": ["t", "t"]}